id,category,question,label
1,生活,朝型 or 夜型,朝型夜型
2,生活,朝ごはんはパン or ご飯,朝ごはん
3,生活,シャワー派 or 湯船派,お風呂
4,生活,目覚ましで一発で起きる or スヌーズを繰り返す,寝起き
7,生活,本は紙 or 電子,本の形
8,生活,夏 or 冬,好きな季節
10,生活,休日は予定を入れる or 空けておく,休日の過ごし方
57,生活,待ち合わせには早めに着く or ぴったりに着く,待ち合わせ
71,生活,住むなら都会 or 田舎,住む場所
41,生活,メモは手書き or デジタル,メモ
42,生活,集中できるのはカフェ or 自宅,作業場所
11,食べ物,きのこの山 or たけのこの里,きのたけ
12,食べ物,つぶあん or こしあん,あんこ
14,食べ物,カレーは甘口 or 辛口,カレー
15,食べ物,から揚げにレモンをかける or かけない,から揚げにレモン
16,食べ物,コーヒー or 紅茶,好きな飲み物
17,食べ物,好きなおかずは先に食べる or 最後にとっておく,好物の順
19,食べ物,ポテトチップスはうすしお or コンソメ,ポテチ
20,食べ物,お菓子は甘いもの or しょっぱいもの,好きなお菓子
61,食べ物,チョコミントは好き or 苦手,チョコミント
23,性格・好み,犬派 or 猫派,犬猫
24,性格・好み,山 or 海,山海
25,性格・好み,インドア or アウトドア,インドア
27,性格・好み,夏休みの宿題は早めに終わらせた or ギリギリだった,宿題
33,性格・好み,カラオケは歌う側 or 聞く側,カラオケ
67,性格・好み,ジェットコースターに乗る or 乗らない,絶叫系
70,性格・好み,ゲームはよくする or あまりしない,ゲーム
35,旅行,旅行先は国内 or 海外,旅行先
36,旅行,一人旅 or 誰かと行く,旅行
37,旅行,旅行でお金をかけるのは宿 or 食事,宿か食事か
75,旅行,行くなら雪国 or 南国,雪国南国
43,学び,文系 or 理系,文系理系
44,学び,学生時代は運動部 or それ以外,部活
47,もしも,生まれ変わるなら鳥 or 魚,来世
48,もしも,超能力をもらえるなら瞬間移動 or 時間停止,超能力
49,もしも,無人島に1つ持っていくなら本 or 音楽,無人島
50,もしも,宝くじが当たったら周りに言う or 秘密にする,宝くじ
